{"cameraMode":{"drawMode":0,"name":"Shaded","section":"Shading Mode"},"sceneLighting":false,"audioPlay":false,"sceneViewState":{"showFog":false,"showMaterialUpdate":false,"showSkybox":false,"showFlares":false,"showImageEffects":false,"showParticleSystems":false},"in2DMode":false,"pivot":{"x":-1.3671000003814698,"y":-0.8083000183105469,"z":0.0},"rotation":{"x":-0.005689255427569151,"y":-0.01950305700302124,"z":-0.00011108651960967109,"w":0.9997941851615906},"size":2.8663241863250734,"orthographic":false}